{
  "qubit": {
    "id": [0,1,2,3,4,5,6,7],
      "freq": [4.820009521747253,
               4.920689892128377,
               4.799000492685231,
               4.899499930549726,
               4.830121496168541,
               4.929500421895265,
               4.80936287619143,
               5.39980332630482],
      "StaggeredSawtooth":  [4.8215,4.9205,4.801094,4.8999,4.8281,4.93075,4.808,4.9115],
      "anharmonicity": [-0.2403196,-0.2403196,-0.2403196,-0.2403196,-0.2403196,-0.2403196,-0.2403196,-0.2403196]
  },
  "powers": {
    "A": {
      "drive_lo_powers": [0,0,0,0,0,0,0,0],
      "readout_drive_lo_powers": [10,10,10,10,10,10,10,10],
      "drive_digital_attenuation": [20,20,20,20,20,20,15,0],
      "drive_digital_attenuation_PPIQ": [20,20,20,20,20,20,15,0],
      "readout_drive_digital_attenuation": [15,10,10,5,5,7,10,17]
    },
    "B": {
      "drive_lo_powers": [0,0,0,0,0,0,0,0],
      "readout_drive_lo_powers": [10,10,10,10,10,10,10,10],
      "drive_digital_attenuation": [30,10,10,10,10,10,10,10],
      "drive_digital_attenuation_PPIQ": [30,0,0,0,0,0,0,0],
      "readout_drive_digital_attenuation": [12,12,12,12,12,15,15,18]
    }
  },
  "readout": {
    "amp": [1.0,1.0,1.0,1.0,1.0,1.0,1.0,1.0],
    "length": [5000,5000,5000,5000,5000,5000,5000,5000],
    "freq": [6.160875,6.385280,6.60826,6.82265,6.952200,6.72225,6.49666,6.274015],
    "gfreq": [6.160875,6.385,6.608,6.8223,6.9519,6.7219,6.4964,6.2715250],
    "efreq": [6.1593,6.385,6.608,6.8223,6.95075,6.7219,6.4964,6.271125],
    "ffreq": [6.1593,6.385,6.608,6.8223,6.9519,6.7219,6.4964,6.271125],
    "window": [[500,2500],[500,2500],[500,2500],[500,2500],[500,2500],[500,2500],[500,2500],[500,2500]]
  },
  "pulse_info": {
    "A": {
      "pi_amp": [1,1,1,1,1,1,1,1],
      "pi_ef_amp": [0.2,1,1,1,1,1,1,1],
      "pi_len": [500,270.10069,270.10069,270.10069,49.5304,270.10069,270.10069,270.10069],
      "pi_ef_len": [79.49746,33,33,33,33,33,33,33],
      "half_pi_amp": [1,1,1,1,1,1,1,1],
      "half_pi_ef_amp": [0.2,0.4,0.4,0.4,0.4,0.4,0.4,0.4],
      "half_pi_len": [37.2288,135.05,135.05,135.05,24.7652,135.05,135.05,135.05],
      "half_pi_ef_len": [39.7487,15,15,15,15,15,15,15],
      "iq_freq": [-0.185,-0.185,-0.185,-0.185,-0.185,-0.185,-0.185,-0.185],
      "Q_phase": [-1.62,-1.62,-1.62,-1.62,-1.62,-1.62,-1.62,-1.62]
    },
    "B": {
      "pi_amp": [1,1,1,1,1,1,1,1],
      "pi_ef_amp": [0.2,1,1,1,1,1,1,1],
      "pi_len": [74.4577,270.10069,270.10069,270.10069,49.5304,270.10069,270.10069,270.10069],
      "pi_ef_len": [79.49746,33,33,33,33,33,33,33],
      "half_pi_amp": [1,1,1,1,1,1,1,1],
      "half_pi_ef_amp": [0.2,0.4,0.4,0.4,0.4,0.4,0.4,0.4],
      "half_pi_len": [37.2288,135.05,135.05,135.05,24.7652,135.05,135.05,135.05],
      "half_pi_ef_len": [39.7487,15,15,15,15,15,15,15],
      "iq_freq": [-0.185,-0.185,-0.185,-0.185,-0.185,-0.185,-0.185,-0.185],
      "Q_phase": [0.4,0.4,0.4,0.4,0.4,0.4,0.4,0.4]
    },
    "IQ_dc": [0,0,0,0,0,0,0,0],
    "pulse_type": ["square","gauss","gauss","gauss","gauss","gauss","gauss","gauss"],
    "ef_pulse_type": ["gauss","gauss","gauss","gauss","gauss","gauss","gauss","gauss"]
  },
  "ff_info": {
    "ff_ramp_sigma_len": [0.001,0.001,0.001,0.001,0.001,0.001,0.001,0.001],
    "ff_pulse_padding": 0,
    "ff_len": [10000,10000,10000,10000,10000,10000,10000,10000],
    "ff_linear_ramp_len": 1000,
    "comp_pulse_amp": -0.1,
    "ff_comp_sym": true
  },

  "stabilizer_info": {
    "freq": 5,
    "stab_lo_power": 13
  }
}