{"n0": {"amp_0.01": [3.670800348171126e-05, 1.498965265158864e-05], "amp_0.05": [0.0007556339180039335, 6.84126947122723e-05], "amp_0.1": [0.0026254654194063586, 0.0001267201273967309]}, "n1": {"amp_0.01": [-4.148019475722922e-05, 1.6238465563581454e-05], "amp_0.05": [0.0006011362665928838, 6.22264258230049e-05], "amp_0.1": [0.0031778773879188905, 0.00014214326787797405]}, "n2": {"amp_0.01": [3.8228108064060115e-05, 1.5797624529722572e-05], "amp_0.05": [0.0011296396749273323, 8.64235948113082e-05], "amp_0.1": [0.004167390186520767, 0.00016501303533442586]}, "n3": {"amp_0.01": [0.00017410443942561743, 3.498634953551973e-05], "amp_0.05": [0.00038600616845990384, 5.238391130086321e-05], "amp_0.1": [0.001611075494448671, 0.00010627352901512113]}, "n4": {"amp_0.01": [0.00021769627874403892, 3.753095305498052e-05], "amp_0.05": [0.002535464824656518, 0.00012797539664401733], "amp_0.1": [0.010333228458354002, 0.0002587892973287483]}}