{"n0": {"amp_0.01": [4.310402668177536e-05, 1.624314452786375e-05], "amp_0.05": [0.0008941597956467419, 7.441980790273247e-05], "amp_0.1": [0.00305463308518664, 0.00013668535192782534]}, "n1": {"amp_0.01": [-3.8868857528014446e-05, 1.5719020598121966e-05], "amp_0.05": [0.000962921686304967, 7.875604084784985e-05], "amp_0.1": [0.004157456639195654, 0.0001625816742082427]}, "n2": {"amp_0.01": [3.769543671233053e-05, 1.5687176197810557e-05], "amp_0.05": [0.0015433776071689582, 0.00010101792785887313], "amp_0.1": [0.005671752627174047, 0.000192506239808224]}, "n3": {"amp_0.01": [8.034243959148525e-05, 2.376655395776135e-05], "amp_0.05": [0.0007483185611735018, 7.293635551800191e-05], "amp_0.1": [0.003152052776049377, 0.00014864965196395214]}, "n4": {"amp_0.01": [0.00033448493805156786, 4.6521356892682485e-05], "amp_0.05": [0.003344145876209847, 0.00014697392630716918], "amp_0.1": [0.014317097807586486, 0.0003046181607923187]}}