{"n0": {"amp_0.01": [3.6452400534846015e-05, 1.4937373965871338e-05], "amp_0.05": [0.0010261476484523387, 7.972341660692029e-05], "amp_0.1": [0.0034447398857633434, 0.00014515121198354372]}, "n1": {"amp_0.01": [-3.235509250342402e-05, 1.434154427999075e-05], "amp_0.05": [0.0011966946213783258, 8.779707779110057e-05], "amp_0.1": [0.005185377411538954, 0.00018157159683499958]}, "n2": {"amp_0.01": [0.00010848805942951689, 2.6612848119508012e-05], "amp_0.05": [0.001853333343504499, 0.00011069783521454739], "amp_0.1": [0.007337832847257708, 0.00021896266885751905]}, "n3": {"amp_0.01": [-0.00013445766540004622, 3.0745849094048955e-05], "amp_0.05": [0.0011242292895613226, 8.939809158231773e-05], "amp_0.1": [0.005410033713914567, 0.00019474537044312604]}, "n4": {"amp_0.01": [0.0005931388738495631, 6.195013889431775e-05], "amp_0.05": [0.004687647770450954, 0.0001740103878635731], "amp_0.1": [0.017191761182414927, 0.00033380165107474663]}}