{
 "voltage": [
  -5.8,
  -5.52,
  -5.24,
  -4.96,
  -4.68,
  -4.4,
  -4.12,
  -3.84,
  -3.56,
  -3.28,
  -3.0,
  -2.72,
  -2.44,
  -2.16,
  -1.88,
  -1.6,
  -1.32,
  -1.04
 ],
 "ppiq_qubit_drive_digital_attenuation": [
  30,
  30,
  30,
  30,
  30,
  25,
  25,
  24,
  24,
  23,
  23,
  22,
  22,
  21,
  21,
  21,
  20,
  20
 ],
 "qubit_drive_digital_attenuation": [
  20,
  20,
  20,
  20,
  20,
  15,
  15,
  14,
  9,
  8,
  13,
  7,
  7,
  11,
  6,
  6,
  5,
  10
 ],
 "qb_freq_PNAX": [
  6.225925,
  6.171325,
  6.110425,
  6.044225,
  5.971775,
  5.8904,
  5.8043,
  5.711375,
  5.6111,
  5.505575,
  5.393225,
  5.277725,
  5.147525,
  5.01785,
  4.824125,
  4.74275,
  4.598375,
  4.4519
 ],
 "qb_freq_ppiq": [
  6.240462,
  6.167561,
  6.102908,
  6.040806,
  5.967924,
  5.888377,
  5.801733,
  5.708634,
  5.608897,
  5.503011,
  5.389856,
  5.271506,
  5.14704,
  5.016848,
  4.819325,
  4.741947,
  4.597798,
  4.452149
 ],
 "pi_len": [
  3.5836835520201364,
  41.74277855168426,
  41.45301450509666,
  26.952552153370746,
  30.657766640406983,
  21.335862551944942,
  25.636211963691164,
  26.926563911316787,
  22.1394029269779,
  20.091674062548062,
  80.70990400640363,
  28.023749580122374,
  31.891995294597734,
  24.571981994048016,
  15.339305678197412,
  37.37986791852088,
  32.85958792740045,
  88.8834169367811
 ],
 "t1": [
  6.159789365879211,
  34.12217472356385,
  -10.940486176260997,
  -14.232857271968587,
  -16.55451297405202,
  3.536474051014481,
  34.80296812136518,
  18.878579094947035,
  0.780286061712911,
  1.4258532433695328,
  14.979670868279285,
  20.84384743548218,
  13.004930589552437,
  28.84259173737683,
  14196.809615390153,
  26.546367346014488,
  16.332106966690628,
  15.626132208683089
 ],
 "t2star": [
  0.12160055606623822,
  0.09370243116397925,
  0.8678438245906863,
  0.5384254674749346,
  0.8396113800114193,
  0.7820319756497787,
  3.8691772902251125,
  0.7358131632091306,
  1.1028726940774385,
  0.7484534355630961,
  1387834.0539318863,
  0.7995044679708049,
  0.8549642464132358,
  1.507968530821763,
  152716.02430232582,
  1.0532115639537747,
  0.5534494689826613,
  0.7230175819160356
 ],
 "t2": [
  665943.714873036,
  0.15887988826936394,
  4.376704025039179,
  0.5558458750703861,
  0.37237593499066474,
  0.8190109219091769,
  1.8445236911176817,
  0.5371142543125562,
  0.8061768815400663,
  0.9600981319873299,
  0.6562483132468997,
  1.0337957632521209,
  0.7090921120283775,
  0.5532246729112604,
  571206.5170348138,
  0.7280032534773414,
  0.6555906006562576,
  0.7054916963292849
 ],
 "qb_freq_ramsey": [
  -28.830322244939623,
  -19.822637129602818,
  -33.068845136224105,
  7.127257576051376,
  6.470771487106258,
  6.03619048357518,
  -31.329215053091957,
  5.903059436417317,
  6.02822300424303,
  5.69521687883308,
  6.383480090797822,
  5.691126740516805,
  5.3610006758767295,
  5.328651971325501,
  6.015052824114055,
  4.555739311851542,
  5.043867867114855,
  4.693834615080865
 ]
}