{
 "voltage": [
  -4.0,
  -3.875,
  -3.75,
  -3.625,
  -3.5,
  -3.375,
  -3.25,
  -3.125,
  -3.0,
  -2.875,
  -2.75,
  -2.625,
  -2.5,
  -2.375,
  -2.25,
  -2.125,
  -2.0,
  -1.875,
  -1.75,
  -1.625,
  -1.5
 ],
 "ppiq_qubit_drive_digital_attenuation": [
  30,
  30,
  30,
  30,
  30,
  30,
  25,
  25,
  20,
  20,
  20,
  20,
  10,
  10,
  10,
  10,
  10,
  10,
  5,
  5,
  5
 ],
 "readout_frequency": [
  6.757645,
  6.75753,
  6.75942,
  6.75927,
  6.757155,
  6.757895,
  6.75689,
  6.756945,
  6.756945,
  6.75699,
  6.75673,
  6.756405,
  6.755795,
  6.756055,
  6.75573,
  6.755405,
  6.75575,
  6.75558,
  6.7553,
  6.7553,
  6.75523
 ],
 "qubit_drive_digital_attenuation": [
  24,
  24,
  24,
  24,
  24,
  24,
  19,
  8,
  11,
  11,
  11,
  11,
  0,
  0,
  0,
  0,
  0,
  0,
  0,
  0,
  0
 ],
 "qb_freq_PNAX": [
  6.08966667,
  6.0421333,
  5.99408333,
  5.94035,
  5.88351667,
  5.82487,
  5.75150833,
  5.69751667,
  5.62725,
  5.55465833,
  5.480775,
  5.40379167,
  5.325775,
  5.2413,
  5.15656667,
  5.06925,
  4.97676667,
  4.884,
  4.79154167,
  4.65979167,
  4.59856667
 ],
 "qb_freq_ppiq": [
  6.08832094406332,
  6.041890217884062,
  5.992091137526147,
  5.939126376453379,
  5.883476732719464,
  5.824416571392984,
  5.762086551805627,
  5.697031603969308
 ],
 "pi_len": [
  74.29175331662397,
  116.43513644166097,
  93.5562998674124,
  128.76584944713758,
  185.16213757491172,
  3.584826197773082,
  2.822066816946899,
  37.08670042717052
 ],
 "t1": [
  4.504575927275536,
  4.365759257687378,
  6.569486114389684,
  6.296438518259052,
  3.5232720252240433,
  11.762313168487744,
  2.4821575505233007,
  0.6616769218541082
 ],
 "t2star": [
  0.5912228546147344,
  0.6335768848914358,
  0.6655906702046336,
  0.529537570416338,
  0.4384282559538458,
  818122.6686447174,
  188400.8389203776,
  0.7493355698442524
 ],
 "t2": [
  1.1303670259683856,
  0.7456629336669365,
  1.7373167876254725,
  5.297900174354648,
  2.1876106221113285,
  0.2093305223928293,
  1.2353740822631025,
  0.9531254329185865
 ],
 "qb_freq_ramsey": [
  6.08914558863677,
  6.042718933906307,
  5.993161030284824,
  5.940404676425126,
  5.884616178325553,
  5.7934023188594255,
  5.721901955336605,
  5.697931809266089
 ]
}