{
	"voltage":[-5.8 , -5.52, -5.24, -4.96, -4.68, -4.4 , -4.12, -3.84, -3.56, -3.28, -3.0  , -2.72, -2.44, -2.16, -1.88, -1.6 , -1.32, -1.04],
	"qubit_drive_digital_attenuation":[30, 30, 30, 30, 30, 25, 25, 24, 24, 23, 23, 22, 22,21, 21, 21, 20, 20],
	"qb_freq_PNAX":[6.225925, 6.171325, 6.110425, 6.044225, 5.971775,5.890400, 5.804300, 5.711375, 5.611100, 5.505575, 5.393225, 5.277725, 5.147525, 5.017850, 4.824125, 4.742750, 4.598375, 4.451900],
	"qb_freq_ppiq":[6.240462, 6.167561, 6.102908, 6.040806, 5.967924, 5.888377, 5.801733, 5.708634, 5.608897, 5.503011, 5.389856, 5.271506, 5.14704, 5.016848, 4.819325, 4.741947, 4.597798, 4.452149],
	"pi_len": [],
	"t1": [],
	"qb_freq_ramsey": []
}