{
 "voltage": [
  -2.5,
  -2.375,
  -2.25,
  -2.125,
  -2,
  -1.875,
  -1.75,
  -1.625,
  -1.5,
  -1.375,
  -1.25,
  -1.125,
  -1,
  -0.875,
  -0.625,
  -0.5,
  -0.375,
  -0.25,
  -0.125,
  0.75,
  0.875,
  1.375,
  1.75,
  2,
  2.125,
  2.25,
  2.375,
  2.5
 ],
 "readout_frequency": [
  6.300825,
  6.300705,
  6.30045,
  6.300285,
  6.299675,
  6.300055,
  6.300405,
  6.300255,
  6.299645,
  6.29967,
  6.29979,
  6.29936,
  6.29942,
  6.299315,
  6.29924,
  6.29905,
  6.29892,
  6.298895,
  6.298905,
  6.2985,
  6.29838,
  6.29804,
  6.29819,
  6.29815,
  6.298025,
  6.29809,
  6.298075,
  6.29796
 ],
 "ppiq_qubit_drive_digital_attenuation": [
  30,
  30,
  30,
  30,
  30,
  25,
  25,
  25,
  25,
  20,
  20,
  20,
  20,
  20,
  15,
  15,
  15,
  15,
  15,
  15,
  10,
  10,
  10,
  10,
  10,
  10,
  5,
  5
 ],
 "qubit_drive_digital_attenuation": [
  28,
  26,
  25,
  23,
  22,
  21,
  20,
  19,
  19,
  18,
  17,
  17,
  16,
  16,
  15,
  10,
  10,
  9,
  9,
  8,
  7,
  6,
  6,
  6,
  5,
  5,
  5,
  4
 ],
 "qb_freq_PNAX": [
  5.9115,
  5.88125,
  5.849,
  5.81425,
  5.7785,
  5.739,
  5.69775,
  5.655,
  5.61125,
  5.56475,
  5.5167,
  5.467,
  5.4145,
  5.36225,
  5.248,
  5.18975,
  5.13075,
  5.06975,
  5.0065,
  4.5205,
  4.448,
  4.159,
  3.954,
  3.83225,
  3.77725,
  3.73175,
  3.68125,
  3.64525
 ],
 "qb_freq_ppiq": [
  5.920560558851558,
  5.86162325393762,
  5.837801113612452,
  5.81085222406114,
  5.794033049212551,
  5.740358415354606,
  5.684249855688765,
  5.651830555929303,
  5.6104495374675265,
  5.58397277883024,
  5.521797221438824,
  5.455797000190063,
  5.395399607000338,
  5.356386537884456,
  5.231205873722574,
  5.2071977481707465,
  5.136599532898335,
  5.063406026466097,
  4.9874921958553,
  4.501077796926392,
  4.4379992135083635,
  4.168218180727242,
  3.9589749344987597,
  3.8418497912297744,
  3.77671529602891,
  3.7165500009393675,
  3.6613727714905875,
  3.6468566289678814
 ],
 "pi_len": [
  3.5836835520201364,
  41.74277855168426,
  41.45301450509666,
  26.952552153370746,
  30.657766640406983,
  21.335862551944942,
  25.636211963691164,
  26.926563911316787,
  22.1394029269779,
  20.091674062548062,
  80.70990400640363,
  28.023749580122374,
  31.891995294597734,
  24.571981994048016,
  15.339305678197412,
  37.37986791852088,
  32.85958792740045,
  88.8834169367811
 ],
 "t1": [
  6.159789365879211,
  34.12217472356385,
  -10.940486176260997,
  -14.232857271968587,
  -16.55451297405202,
  3.536474051014481,
  34.80296812136518,
  18.878579094947035,
  0.780286061712911,
  1.4258532433695328,
  14.979670868279285,
  20.84384743548218,
  13.004930589552437,
  28.84259173737683,
  14196.809615390153,
  26.546367346014488,
  16.332106966690628,
  15.626132208683089
 ],
 "t2star": [
  0.12160055606623822,
  0.09370243116397925,
  0.8678438245906863,
  0.5384254674749346,
  0.8396113800114193,
  0.7820319756497787,
  3.8691772902251125,
  0.7358131632091306,
  1.1028726940774385,
  0.7484534355630961,
  1387834.0539318863,
  0.7995044679708049,
  0.8549642464132358,
  1.507968530821763,
  152716.02430232582,
  1.0532115639537747,
  0.5534494689826613,
  0.7230175819160356
 ],
 "t2": [
  665943.714873036,
  0.15887988826936394,
  4.376704025039179,
  0.5558458750703861,
  0.37237593499066474,
  0.8190109219091769,
  1.8445236911176817,
  0.5371142543125562,
  0.8061768815400663,
  0.9600981319873299,
  0.6562483132468997,
  1.0337957632521209,
  0.7090921120283775,
  0.5532246729112604,
  571206.5170348138,
  0.7280032534773414,
  0.6555906006562576,
  0.7054916963292849
 ],
 "qb_freq_ramsey": [
  -28.830322244939623,
  -19.822637129602818,
  -33.068845136224105,
  7.127257576051376,
  6.470771487106258,
  6.03619048357518,
  -31.329215053091957,
  5.903059436417317,
  6.02822300424303,
  5.69521687883308,
  6.383480090797822,
  5.691126740516805,
  5.3610006758767295,
  5.328651971325501,
  6.015052824114055,
  4.555739311851542,
  5.043867867114855,
  4.693834615080865
 ]
}