{"qubit": {"1": {"freq": 4.7685, "anharmonicity": -0.109783}, "2": {"freq": 4.742, "anharmonicity": -0.109928}},
  "heterodyne": {
    "1": {
      "sideband_amp": 0.0, "sideband_detune": 0.05, "amp": 0.4, "length": 1500, "freq": -0.1537, "lo_freq": 5.9,
      "lo_power": 16, "phase_offset": -0.05
    }, "2": {
      "sideband_amp": 0.0, "sideband_detune": 0.05, "amp": 0.38, "length": 1500, "freq": -0.2095, "lo_freq": 5.95,
      "lo_power": 16, "phase_offset": 0.4
    }
  }, "freq_flux": {
  "1": {"current_mA": 0.0, "freq_flux_slope": -0.3}, "2": {"current_mA": 0.0, "freq_flux_slope": 0.3}
}, "alazar_readout": {"width": 1500, "window": [0, 1500]}, "pulse_info": {
  "1": {
    "pi_amp": 1.0, "pi_ef_amp": 1.0, "pi_len": 44.44, "pi_ef_len": 9.288, "half_pi_amp": 1.0, "half_pi_ef_amp": 1.0,
    "half_pi_len": 22.22, "half_pi_ef_len": 4.644
  }, "2": {
    "pi_amp": 1.0, "pi_ef_amp": 1.0, "pi_len": 87.25, "pi_ef_len": 29.49, "half_pi_amp": 1.0, "half_pi_ef_amp": 1.0,
    "half_pi_len": 43.62, "half_pi_ef_len": 14.745
  }
}, "flux_pulse_info": {"1": {"ramp_sigma_len": 0.001}, "2": {"ramp_sigma_len": 0.001}}, "multimodes": {
  "1": {
    "freq": [0.988, 1.112, 1.308, 1.591, 1.85, 2.149, 2.363, 2.692, 2.979, 3.13],
    "ef_freq": [1.2, 1.2, 1.3, 1.4, 1.5, 1.6, 1.7, 1.8, 1.9, 2.0, 3.0],
    "pi_len": [48.9044, 58.09491, 49.89882, 52.42513, 89.15981, 116.13568, 72.65124, 85.20736, 109.96704, 100],
    "ef_pi_len": [100, 100, 100, 100, 100, 100, 100, 100, 100, 100],
    "pi_amp": [0.2, 0.2, 0.2, 0.2, 0.2, 0.2, 0.2, 0.2, 0.2, 0.2],
    "ef_pi_amp": [0.2, 0.2, 0.2, 0.2, 0.2, 0.2, 0.2, 0.2, 0.2, 0.2],
    "dc_offset": [0.02, -0.00902, -0.00584, -0.00688, -0.00701, -0.00499, -0.0036, -0.01093, -0.01324, 0.0],
    "ef_dc_offset": [0.02, 0.02, 0.02, 0.02, 0.02, 0.02, 0.02, 0.02, 0.02]
  }, "2": {
    "freq": [1.007, 1.129, 1.326, 1.606, 1.863, 2.157, 2.385, 2.7, 2.986, 3.154],
    "ef_freq": [1.116, 1.238, 1.435, 1.715, 1.972, 2.266, 2.494, 2.809, 3.095, 3.263], "pi_len": [
      63.3305, 75.16224, 56.79665, 70.00799, 136.97464, 161.10668, 72.18296, 75.85173, 125.91146, 203.3289, 100, 100,
      100
    ], "ef_pi_len": [78.556, 70.24187, 49.73609, 55.94862, 77.69843, 65.13964, 68.251, 47.85054, 113.44407, 100, 100],
    "pi_amp": [0.2, 0.2, 0.2, 0.2, 0.2, 0.2, 0.2, 0.2, 0.2, 0.4],
    "ef_pi_amp": [0.2, 0.2, 0.2, 0.2, 0.2, 0.2, 0.2, 0.2, 0.2, 0.2],
    "dc_offset": [0.02, -0.0085, -0.0065, -0.00449, -0.0035, -0.00401, -0.0085, -0.00921, -0.01207, -0.02698],
    "ef_dc_offset": [0.02, 0.02, 0.02, 0.02, 0.02, 0.02, 0.02, 0.02, 0.02, 0.02]
  }
}, "sideband_cooling": {"1": {"cool": false, "mode_id": 5}, "2": {"cool": false, "mode_id": 5}}, "communication": {
  "1": {
    "freq": 3.138, "ef_pi_amp": 0.2, "ef_pi_len": 198, "pi_amp": 0.224, "pi_amp_v2": 0.427, "pi_len": 280,
    "pi_len_v2": 208, "half_transfer_amp": 0.37428569, "half_transfer_len": 70.4068
  }, "2": {
    "freq": 3.1946, "ef_pi_amp": 0.3, "ef_pi_len": 100, "pi_amp": 0.34, "pi_amp_v2": 0.65, "pi_len": 280,
    "pi_len_v2": 198, "half_transfer_amp": 0.56770835, "half_transfer_len": 185.0695
  }, "sender_id": "1", "receiver_id": "2"
}, "fit_path": "S:\\_Data\\171206 - Communication\\fit"
}