{
  "qubit": {
    "id": [0,1,2,3,4,5,6,7],
      "freq": [4.91931, 5.02097, 4.90098, 4.99927, 4.93039, 5.03107, 4.91062,
       5.48743],
      "anharmonicity": [-0.2403196,-0.2403196,-0.2403196,-0.2403196,-0.2403196,-0.2403196,-0.2403196,-0.2403196]
  },
  "powers": {
    "A": {
      "drive_lo_powers": [0,0,0,0,0,0,0,0],
      "drive_lo_powers_2": [5,5,5,5,5,5,5,5],
      "readout_drive_lo_powers": [10,10,10,10,10,10,10,10],
      "drive_digital_attenuation": [12,12,12,12,12,12,12,12],
      "drive_digital_attenuation_PPIQ": [5,5,5,5,5,5,5,5],
      "readout_drive_digital_attenuation": [15,10,10,5,5,7,10,15]
    },
    "B": {
      "drive_lo_powers": [0,0,0,0,0,0,0,0],
      "readout_drive_lo_powers": [10,10,10,10,10,10,10,10],
      "drive_digital_attenuation": [0,0,0,0,0,0,0,0],
      "drive_digital_attenuation_PPIQ": [30,0,0,0,0,0,0,0],
      "readout_drive_digital_attenuation": [11,11,11,11,11,14,14,16]
    }
  },
  "readout": {
    "amp": [1.0,1.0,1.0,1.0,1.0,1.0,1.0,1.0],
    "length": [5000,5000,5000,5000,5000,5000,5000,5000],
    "freq_staggered_lattice": [6.160875,6.385280,6.60826,6.82265,6.952200,6.72225,6.49666,6.274015],
    "freq": [6.1612,6.3856,6.6085,6.8227,6.952200,6.72245,6.4968,6.274015],
    "gfreq": [6.160875,6.385,6.608,6.8223,6.9519,6.7219,6.4964,6.2715250],
    "efreq": [6.1593,6.385,6.608,6.8223,6.95075,6.7219,6.4964,6.271125],
    "ffreq": [6.1593,6.385,6.608,6.8223,6.9519,6.7219,6.4964,6.271125],
    "window": [[500,2500],[500,2500],[500,2500],[500,2500],[500,2500],[500,2500],[500,2500],[500,2500]]
  },
  "pulse_info": {
    "A": {
      "pi_amp": [1,1,1,1,1,1,1,1],
      "pi_ef_amp": [0.2,1,1,1,1,1,1,1],
      "pi_len": [176.56, 182.93, 231.12, 232.66, 225.03, 174.08, 129.09, 79.03],
      "pi_ef_len": [79.49746,33,33,33,33,33,33,33],
      "half_pi_amp": [1,1,1,1,1,1,1,1],
      "half_pi_ef_amp": [0.2,0.4,0.4,0.4,0.4,0.4,0.4,0.4],
      "half_pi_len": [280.23 , 244.34 , 373.69 , 314.665, 287.315, 221.45 , 186.515,
        94.24 ],
      "half_pi_ef_len": [39.7487,15,15,15,15,15,15,15],
      "iq_freq": [-0.185,-0.185,-0.185,-0.185,-0.185,-0.185,-0.185,-0.185],
      "Q_phase": [-1.62,-1.62,-1.62,-1.62,-1.62,-1.62,-1.62,-1.62]
    },
    "B": {
      "pi_amp": [1,1,1,1,1,1,1,1],
      "pi_ef_amp": [0.2,1,1,1,1,1,1,1],
      "pi_len": [280.18, 337.73, 370.53, 427.29, 302.68, 298.54, 183.74],
      "pi_ef_len": [79.49746,33,33,33,33,33,33,33],
      "half_pi_amp": [1,1,1,1,1,1,1,1],
      "half_pi_ef_amp": [0.2,0.4,0.4,0.4,0.4,0.4,0.4,0.4],
      "half_pi_len": [140.09 , 168.865, 185.265, 213.645, 151.34 , 149.27 ,  91.87 , 98.27 ],
      "half_pi_ef_len": [39.7487,15,15,15,15,15,15,15],
      "iq_freq": [-0.185,-0.185,-0.185,-0.185,-0.185,-0.185,-0.185,-0.185],
      "Q_phase": [0.4,0.4,0.4,0.4,0.4,0.4,0.4,0.4]
    },
    "IQ_dc": [0,0,0,0,0,0,0,0],
    "pulse_type": ["square","square","square","square","square","square","square","square"],
    "ef_pulse_type": ["square","square","square","square","square","square","square","square"]
  },
  "ff_info": {
    "ff_ramp_sigma_len": [0.001,0.001,0.001,0.001,0.001,0.001,0.001,0.001],
    "ff_adb_ramp_sig": [300,300,300,300,300,300,300,300],
    "ff_pulse_padding": 0,
    "ff_len": [1000,1000,1000,1000,1000,1000,1000,1000],
    "ff_linear_ramp_len": 1000,
    "comp_pulse_amp": [-0.1,-0.1,-0.1,-0.1,-0.1,-0.1,-0.1,-0.1],
    "ff_comp_sym": true
  },

  "stabilizer_info": {
    "freq": 5,
    "stab_lo_power": 13
  },

  "energylistarray_name": "0508_energylistarray.npy",
  "flxquantaarray_name": "0508_flxquantaarray.npy",

  "FF_SWCTM_name": "20210629FFCrossTalkMatrix.npy",
  "DC_CTM_name": "CrossTalkMatrix.npy",

  "FF_LocalSlopes_name": "20210629FastFluxSlopes.npy",

  "FF_dVdphi_name": "FF_dVdphi.npy",
  "DC_dVdphi_name": "FF_dVdphi.npy"
}
[5.10, 5.415, 5.89, 5.95, 5.115, 3.49, 3.89, 3.835]