{
   "qubit": {
      "id": [0,1,2,3,4,5,6,7],
      "freq": [4.514564,4.909063,4.535822,4.933673,4.556888,4.952586,4.577027,6.05],
      "idealfreqs": [4.8,4.95,4.85,5,4.817,4.975,4.833,5.4],
      "idealfreqs_0825": [4.7,4.85,4.75,4.9,4.717,4.875,4.733,5.3],
      "idealfreqs_0910": [4.75,4.85,4.7,4.9,4.717,4.875,4.733,5.3],
      "anharmonicity": [-0.2380709,-0.245646,-0.2425859,-0.2535195,-0.2413096,-0.2486116,-0.2380661,-250]
   },
   "powers": {
      "A": {
         "drive_lo_powers": [0,0,0,0,0,0,0,0],
         "readout_drive_lo_powers": [10,10,10,10,10,10,10,10],
         "drive_digital_attenuation": [22,22,22,22,22,22,22,22],
         "readout_drive_digital_attenuation": [10,10,10,10,10,10,5,10],
         "readout_drive_digital_attenuation_og": [20,10,15,10,15,10,20,20]
      },
      "B": {
         "drive_lo_powers": [0,0,0,0,0,0,0,0],
         "readout_drive_lo_powers": [10,10,10,10,10,10,10,10],
         "drive_digital_attenuation": [0,0,0,0,0,0,0,0],
         "drive_digital_attenuation_PPIQ": [30,0,0,0,0,0,0,0],
         "readout_drive_digital_attenuation": [11,11,11,11,11,12,14,16]
      }
   },
   "readout": {
      "amp": [1,1,1,1,1,1,1,1],
      "amp_og": [1,1,1,1,1,1,1,1],
      "length": [5000,5000,5000,5000,5000,5000,5000,5000],
      "freq": [6.1645,6.38975,6.61285,6.8297,6.95204,6.72765,6.501155,6.27853],
      "freq_post_shift": [6.16425,6.3914,6.6135,6.83,6.9525,6.728,6.5015,6.27853],
      "freq_pre_shift": [6.1645,6.38975,6.61285,6.8297,6.95204,6.72765,6.501155,6.27853],
      "freq_ef": [6.1635,6.3903,6.6128,6.8292,6.95175,6.727,6.5007,6.27853],
      "window": [[500,2500],[500,2500],[500,2500],[500,2500],[500,2500],[500,2500],[500,2500],[500,1500]]
   },
   "pulse_info": {
      "A": {
         "pi_amp": [1,1,1,0.71,0.71,1,0.71,1],
         "pi_ef_amp": [1,1,1,1,1,1,1,1],
         "pi_len": [46.82807,30.94581,62.76869,49.03221,66.46119,32.94908,63.10709,999.9],
         "pi_len_melt": [46.82807,30.94581,62.76869,49.03221,66.46119,32.94908,63.10709,999.9],
         "pi_ef_len": [79.49746,33,33,33,33,33,33,33],
         "half_pi_amp": [1,1,1,0.71,0.71,1,0.71,1],
         "half_pi_ef_amp": [0.2,0.4,0.4,0.4,0.4,0.4,0.4,0.4],
         "half_pi_len": [16.738,17.8409,18.8774,45.99175,16.55385,43.7897,40.8615,18.625],
         "half_pi_ef_len": [39.7487,15,15,15,15,15,15,15],
         "iq_freq": [-0.185,-0.2096099,-0.185,-0.185,-0.185,-0.1660875,-0.185,-0.185],
         "Q_phase": [-1.62,-1.62,-1.62,-1.62,-1.62,-1.62,-1.62,-1.62]
      },
      "B": {
         "pi_amp": [1,1,1,0.71,1,1,1,1],
         "pi_ef_amp": [0.2,1,1,1,1,1,1,1],
         "pi_len": [280.18,337.73,370.53,427.29,302.68,298.54,183.74],
         "pi_ef_len": [79.49746,33,33,33,33,33,33,33],
         "half_pi_amp": [1,1,1,1,1,1,1,1],
         "half_pi_ef_amp": [0.2,0.4,0.4,0.4,0.4,0.4,0.4,0.4],
         "half_pi_len": [140.09,168.865,185.265,213.645,151.34,149.27,91.87,98.27],
         "half_pi_ef_len": [39.7487,15,15,15,15,15,15,15],
         "iq_freq": [-0.2,-0.2,-0.2,-0.2,-0.2,-0.2,-0.2,-0.2],
         "Q_phase": [0.4,0.4,0.4,0.4,0.4,0.4,0.4,0.4]
      },
      "IQ_dc": [0,0,0,0,0,0,0,0],
      "pulse_type": ["gauss","gauss","gauss","gauss","gauss","gauss","gauss","gauss"],
      "ef_pulse_type": ["square","square","square","square","square","square","square","square"]
   },
   "ff_info": {
      "ff_ramp_sigma_len": [0.001,0.001,0.001,0.001,0.001,0.001,0.001,0.001],
      "ff_adb_ramp_sig2": [250,250,250,250,250,250,250,250],
      "ff_adb_ramp_sig": [500,500,500,500,500,500,500,500],
      "ff_exp_ramp_tau_og": [200,200,200,200,200,200,200,200],
      "ff_exp_ramp_tau": [160,160,160,160,160,160,160,160],
      "ff_exp_ramp_len": [400,400,400,400,400,400,400,400],
      "ff_exp_ramp_len2": [200,200,200,200,200,200,200,200],
      "ff_pulse_padding": 0,
      "ff_settling_time": 1500,
      "ff_len": [1000,1000,1000,1000,1000,1000,1000,1000],
      "ff_linear_ramp_len": 1000,
      "comp_pulse_amp": [-0.1,-0.1,-0.1,-0.1,-0.1,-0.1,-0.1,-0.1],
      "ff_comp_sym": true
   },
   "stabilizer_info": {
      "freq": 5,
      "stab_lo_power": 13
   }
}