{
  "qubit": {
    "id": [0,1,2,3,4,5,6,7],
    "freq": [4.387419365658805,
 5.382430608040437,
 4.433604295768306,
 5.434936025038958,
 4.4750230968812685,
 5.470104918549126,
 4.51716334862143,
 5.5268],
    "flipped_lattice": [4.99, 4.83, 4.9, 4.8, 4.96, 4.86, 4.93, 5.4],
    "idealfreqs": [4.35, 5.35, 4.4 , 5.4 , 4.45, 5.45, 4.5 , 5.6 ],
      "anharmonicity": [-0.2403196,-0.2403196,-0.2403196,-0.2403196,-0.2403196,-0.2403196,-0.2403196,-0.2403196]
  },
  "powers": {
    "A": {
      "drive_lo_powers": [0,0,0,0,0,0,0,0],
      "drive_lo_powers_2": [5,5,5,5,5,5,5,5],
      "readout_drive_lo_powers": [10,10,10,10,10,10,10,10],
      "drive_digital_attenuation": [22,10,22,7,19,10,19,30],
      "drive_digital_attenuation_PPIQ": [5,5,5,5,5,5,5,5],
      "readout_drive_digital_attenuation": [20, 10, 15, 10, 15, 10, 20, 25]
    },
    "B": {
      "drive_lo_powers": [0,0,0,0,0,0,0,0],
      "readout_drive_lo_powers": [10,10,10,10,10,10,10,10],
      "drive_digital_attenuation": [0,0,0,0,0,0,0,0],
      "drive_digital_attenuation_PPIQ": [30,0,0,0,0,0,0,0],
      "readout_drive_digital_attenuation": [11,11,11,11,11,12,14,16]
    }
  },
  "readout": {
    "amp": [1.0,1.0,1.0,1.0,1.0,1.0,1.0,1.0],
    "length": [5000,5000,5000,5000,5000,5000,5000,5000],
    "freq":[6.1637, 6.39363, 6.61311, 6.83172, 6.95203, 6.73009, 6.50105, 6.28025],
    "window": [[500,2500],[500,2500],[500,2500],[500,2500],[500,2500],[500,2500],[500,2500],[500,1500]]
  },
  "pulse_info": {
    "A": {
      "pi_amp": [1,1,1,1,1,1,1,1],
      "pi_ef_amp": [0.2,1,1,1,1,1,1,1],
      "pi_len": [36.17, 39.72, 49.11, 49.33, 40.41, 52.74, 37.96, 20],
      "pi_ef_len": [79.49746,33,33,33,33,33,33,33],
      "half_pi_amp": [1,1,1,1,1,1,1,1],
      "half_pi_ef_amp": [0.2,0.4,0.4,0.4,0.4,0.4,0.4,0.4],
      "half_pi_len": [129.33903773,  90.37536147, 180.67572097, 105.18326205, 233.11916721,  76.90076035, 120.49514293, 26.045],
      "half_pi_ef_len": [39.7487,15,15,15,15,15,15,15],
      "iq_freq": [-0.185,-0.185,-0.185,-0.185,-0.185,-0.185,-0.185,-0.185],
      "Q_phase": [-1.62,-1.62,-1.62,-1.62,-1.62,-1.62,-1.62,-1.62]
    },
    "B": {
      "pi_amp": [1,1,1,1,1,1,1,1],
      "pi_ef_amp": [0.2,1,1,1,1,1,1,1],
      "pi_len": [280.18, 337.73, 370.53, 427.29, 302.68, 298.54, 183.74],
      "pi_ef_len": [79.49746,33,33,33,33,33,33,33],
      "half_pi_amp": [1,1,1,1,1,1,1,1],
      "half_pi_ef_amp": [0.2,0.4,0.4,0.4,0.4,0.4,0.4,0.4],
      "half_pi_len": [140.09 , 168.865, 185.265, 213.645, 151.34 , 149.27 ,  91.87 , 98.27 ],
      "half_pi_ef_len": [39.7487,15,15,15,15,15,15,15],
      "iq_freq": [-0.2, -0.2, -0.2, -0.2, -0.2, -0.2, -0.2, -0.2],
      "Q_phase": [0.4,0.4,0.4,0.4,0.4,0.4,0.4,0.4]
    },
    "IQ_dc": [0,0,0,0,0,0,0,0],
    "pulse_type": ["gauss","gauss","gauss","gauss","gauss","gauss","gauss","gauss"],
    "ef_pulse_type": ["square","square","square","square","square","square","square","square"]
  },
  "ff_info": {
    "ff_ramp_sigma_len": [0.001,0.001,0.001,0.001,0.001,0.001,0.001,0.001],
    "ff_adb_ramp_sig": [300,300,300,300,300,300,300,300],
    "ff_pulse_padding": 0,
    "ff_settling_time": 2500,
    "ff_len": [1000,1000,1000,1000,1000,1000,1000,1000],
    "ff_linear_ramp_len": 1000,
    "comp_pulse_amp": [-0.1,-0.1,-0.1,-0.1,-0.1,-0.1,-0.1,-0.1],
    "ff_comp_sym": true
  },

  "stabilizer_info": {
    "freq": 5,
    "stab_lo_power": 13
  }
}