{
   "qubit": {
      "id": [0,1,2,3,4,5,6,7],
      "setup": ["B","A","B","A","B","A","B","A"],
      "freq": [4.4816330112458855,
 4.767244903087652,
 4.653447016125345,
 4.406034660572833,
 4.678026427066966,
 5.113726666132307,
 4.7201454796214986,6.05],
      "idealfreqs": [4.8,4.95,4.85,5,4.817,4.975,4.833,5.4],
      "idealfreqs_0825": [4.7,4.85,4.75,4.9,4.717,4.875,4.733,5.3],
      "idealfreqs_0910": [4.75,4.85,4.7,4.9,4.717,4.875,4.733,5.3],
      "anharmonicity": [-0.2380709,-0.245646,-0.2425859,-0.2535195,-0.2413096,-0.2486116,-0.2380661,-250]
   },
   "powers": {
      "A": {
         "drive_lo_powers": [0,0,0,0,0,0,0,0],
         "readout_drive_lo_powers": [10,10,10,10,10,10,10],
         "drive_digital_attenuation": [22,22,22,22,22,22,22,22],
         "readout_drive_digital_attenuation": [99,0,99,5,99,15,99,14]
      },
      "B": {
         "drive_lo_powers": [0,0,0,0,0,0,0,0],
         "readout_drive_lo_powers": [10,10,10,10,10,10,10,10],
         "drive_digital_attenuation": [22,22,22,22,22,22,22,22],
         "readout_drive_digital_attenuation": [10,99,5,99,3,99,10,99]
      }
   },
   "readout": {
      "amp": [1,1,1,1,1,1,1,1],
      "amp_og": [1,1,1,1,1,1,1,1],
      "length": [5000,5000,5000,5000,5000,5000,5000,5000],
      "A": {
         "freq": [6.16385,6.39107,6.6134,6.82925,6.9522,6.72875,6.50145,6.27853]
      },
      "B": {
         "freq": [6.16385,6.39107,6.6134,6.82925,6.9522,6.72875,6.50145,6.27853]
      },
      "window": [[500,2500],[500,2500],[500,2500],[500,2500],[500,2500],[500,2500],[500,2500],[500,1500]]
   },
   "pulse_info": {
      "A": {
         "pi_amp": [1,1,1,1,0.71,1,1,1],
         "pi_ef_amp": [1,1,1,1,1,1,1,1],
         "pi_len": [30,30,30,30,30,20,30,999.9],
         "pi_len_melt": [43.24087,51.89121,46.83936,46.89622,69.04501,54.68255,73.65153,999.9],
         "pi_ef_len": [79.49746,33,33,33,33,33,33,33],
         "half_pi_amp": [1,1,1,0.71,0.71,1,0.71,1],
         "half_pi_ef_amp": [0.2,0.4,0.4,0.4,0.4,0.4,0.4,0.4],
         "half_pi_len": [16.738,17.8409,18.8774,45.99175,16.55385,43.7897,40.8615,18.625],
         "half_pi_ef_len": [39.7487,15,15,15,15,15,15,15],
         "iq_freq": [-0.4027917,0.184841,-0.2067557,-0.185,-0.185,0.6881849,-0.1359141,-0.185],
         "Q_phase": [-1.62,-1.62,-1.62,-1.62,-1.62,-1.62,-1.62,-1.62]
      },
      "B": {
         "pi_amp": [1,1,1,1,0.71,1,0.71,1],
         "pi_ef_amp": [1,1,1,1,1,1,1,1],
         "pi_len": [30,30,30,30,30,30,30,999.9],
         "pi_len_melt": [43.24087,51.89121,46.83936,46.89622,69.04501,54.68255,73.65153,999.9],
         "pi_ef_len": [79.49746,33,33,33,33,33,33,33],
         "half_pi_amp": [1,1,1,0.71,0.71,1,0.71,1],
         "half_pi_ef_amp": [0.2,0.4,0.4,0.4,0.4,0.4,0.4,0.4],
         "half_pi_len": [16.738,17.8409,18.8774,45.99175,16.55385,43.7897,40.8615,18.625],
         "half_pi_ef_len": [39.7487,15,15,15,15,15,15,15],
         "iq_freq": [-0.4027917,0.184841,-0.2067557,-0.185,-0.185,0.6881849,-0.1359141,-0.185],
         "Q_phase": [0.4,0.4,0.4,0.4,0.4,0.4,0.4,0.4]
      },
      "IQ_dc": [0,0,0,0,0,0,0,0],
      "pulse_type": ["gauss","gauss","gauss","gauss","gauss","gauss","gauss","gauss"],
      "ef_pulse_type": ["square","square","square","square","square","square","square","square"]
   },
   "ff_info": {
      "ff_ramp_sigma_len": [0.001,0.001,0.001,0.001,0.001,0.001,0.001,0.001],
      "ff_adb_ramp_sig2": [250,250,250,250,250,250,250,250],
      "ff_adb_ramp_sig": [500,500,500,500,500,500,500,500],
      "ff_exp_ramp_tau_og": [200,200,200,200,200,200,200,200],
      "ff_exp_ramp_tau": [160,160,160,160,160,160,160,160],
      "ff_exp_ramp_len": [400,400,400,400,400,400,400,400],
      "ff_exp_ramp_len2": [200,200,200,200,200,200,200,200],
      "ff_pulse_padding": 0,
      "ff_settling_time": 1500,
      "ff_len": [1000,1000,1000,1000,1000,1000,1000,1000],
      "ff_linear_ramp_len": 1000,
      "comp_pulse_amp": [-0.1,-0.1,-0.1,-0.1,-0.1,-0.1,-0.1,-0.1],
      "ff_comp_sym": true
   },
   "stabilizer_info": {
      "freq": 5,
      "stab_lo_power": 13
   }
}