{
  "qubit": {
    "id": [0,1,2,3,4,5,6,7],
    "freq":[4.75022101541402, 4.850708290650453, 4.70000279285725, 4.899805376986984, 4.7168153559742425, 4.875050655469786, 4.732887877203646, 6.05],
    "idealfreqs": [4.8,   4.95,  4.85,  5.0,    4.817, 4.975, 4.833, 5.4  ],
    "idealfreqs_0825": [4.7  , 4.85 , 4.75 , 4.9 , 4.717, 4.875, 4.733, 5.3  ],
    "idealfreqs_0910": [4.75  , 4.85 , 4.7 , 4.9 , 4.717, 4.875, 4.733, 5.3  ],
    "anharmonicity": [-0.2403196,-0.2403196,-0.2403196,-0.2403196,-0.2403196,-0.2403196,-0.2403196,-0.2403196]
  },
  "powers": {
    "A": {
      "drive_lo_powers": [0,0,0,0,0,0,0,0],
      "readout_drive_lo_powers": [10,10,10,10,10,10,10,10],
      "drive_digital_attenuation": [22,22,22,22,22,22,22,22],
      "readout_drive_digital_attenuation": [10, 10, 10, 10, 10, 10, 5, 10],
      "readout_drive_digital_attenuation_og": [20, 10, 15, 10, 15, 10, 20, 20]
    },
    "B": {
      "drive_lo_powers": [0,0,0,0,0,0,0,0],
      "readout_drive_lo_powers": [10,10,10,10,10,10,10,10],
      "drive_digital_attenuation": [0,0,0,0,0,0,0,0],
      "drive_digital_attenuation_PPIQ": [30,0,0,0,0,0,0,0],
      "readout_drive_digital_attenuation": [11,11,11,11,11,12,14,16]
    }
  },
  "readout": {
    "amp": [0.7,1.0,0.7,0.9,0.562,1.0,1.0,0.666],
    "amp_og": [1.0,1.0,1.0,1.0,1.0,1.0,1.0,1.0],
    "length": [5000,5000,5000,5000,5000,5000,5000,5000],
    "freq":[6.1645, 6.39036, 6.6133, 6.8297, 6.95204, 6.72765,6.501155,6.27853],
    "freq_store": [6.16452, 6.39145, 6.6138729, 6.8296, 6.952559,6.728467,6.50175, 6.27853],
    "freq_49": [6.16485,  6.39145, 6.61393, 6.83014, 6.95255, 6.7282, 6.50173, 6.27853],
    "freq_norabicrosstalk": [6.1646, 6.39145, 6.613775, 6.8296, 6.952445, 6.728325, 6.50162,6.27853],
    "window": [[500,2500],[500,2500],[500,2500],[500,2500],[500,2500],[500,2500],[500,2500],[500,1500]]
  },
  "pulse_info": {
    "A": {
      "pi_amp": [1,1,1,0.71,0.71,1,0.71,1],
      "pi_ef_amp": [0.2,1,1,1,1,1,1,1],
      "pi_len":[47.03582478313083, 30.795061870115966, 59.245870375559804, 49.81978742361059, 64.01610561568346, 33.08552881862385, 63.05459718142191, 999.9],
      "pi_len_melt": [46.929771726556375, 31.0705843527691, 59.51107300955803, 49.72179472520175, 64.24301387396292, 33.07814006513218, 62.86430738235663, 999.9],
      "pi_ef_len": [79.49746,33,33,33,33,33,33,33],
      "half_pi_amp": [1,1,1,1,1,1,1,1],
      "half_pi_ef_amp": [0.2,0.4,0.4,0.4,0.4,0.4,0.4,0.4],
      "half_pi_len": [16.738  , 17.8409 , 18.8774 , 45.99175, 16.55385, 43.7897 ,
       40.8615 , 18.625  ],
      "half_pi_ef_len": [39.7487,15,15,15,15,15,15,15],
      "iq_freq":[-0.185, -0.23409708633653054, -0.185, -0.185, -0.185, -0.2097547215171977, -0.185, -0.185],
      "Q_phase": [-1.62,-1.62,-1.62,-1.62,-1.62,-1.62,-1.62,-1.62]
    },
    "B": {
      "pi_amp": [1,1,1,0.71,1,1,1,1],
      "pi_ef_amp": [0.2,1,1,1,1,1,1,1],
      "pi_len": [280.18, 337.73, 370.53, 427.29, 302.68, 298.54, 183.74],
      "pi_ef_len": [79.49746,33,33,33,33,33,33,33],
      "half_pi_amp": [1,1,1,1,1,1,1,1],
      "half_pi_ef_amp": [0.2,0.4,0.4,0.4,0.4,0.4,0.4,0.4],
      "half_pi_len": [140.09 , 168.865, 185.265, 213.645, 151.34 , 149.27 ,  91.87 , 98.27 ],
      "half_pi_ef_len": [39.7487,15,15,15,15,15,15,15],
      "iq_freq": [-0.2, -0.2, -0.2, -0.2, -0.2, -0.2, -0.2, -0.2],
      "Q_phase": [0.4,0.4,0.4,0.4,0.4,0.4,0.4,0.4]
    },
    "IQ_dc": [0,0,0,0,0,0,0,0],
    "pulse_type": ["gauss","gauss","gauss","gauss","gauss","gauss","gauss","gauss"],
    "ef_pulse_type": ["square","square","square","square","square","square","square","square"]
  },
  "ff_info": {
    "ff_ramp_sigma_len": [0.001,0.001,0.001,0.001,0.001,0.001,0.001,0.001],
    "ff_adb_ramp_sig2": [250,250,250,250,250,250,250,250],
    "ff_adb_ramp_sig": [500,500,500,500,500,500,500,500],
    "ff_exp_ramp_tau_og":[200, 200, 200, 200, 200, 200, 200, 200],
    "ff_exp_ramp_tau":[80,80,80,80,80,80,80,80],
    "ff_exp_ramp_len": [200,200,200,200,200,200,200,200],
    "ff_exp_ramp_len2": [200, 200, 200, 200, 200, 200, 200, 200],
    "ff_pulse_padding": 0,
    "ff_settling_time": 1500,
    "ff_len": [1000,1000,1000,1000,1000,1000,1000,1000],
    "ff_linear_ramp_len": 1000,
    "comp_pulse_amp": [-0.1,-0.1,-0.1,-0.1,-0.1,-0.1,-0.1,-0.1],
    "ff_comp_sym": true
  },

  "stabilizer_info": {
    "freq": 5,
    "stab_lo_power": 13
  }
}