{
   "qubit": {
      "id": [0,1,2,3,4,5,6,7],
      "setup": ["B","A","B","A","B","A","B","A"],
      "freq": [5.017774,5.168211,4.991813,5.225486,5.072179,5.254765,5.062335,4.35],
      "idealfreqs": [5.15,5.25,5.1,5.3,5.117,5.275,5.133,4.35],
      "anharmonicity": [-0.2380709,-0.245646,-0.2425859,-0.2535195,-0.2413096,-0.2486116,-0.2380661,-250]
   },
   "powers": {
      "A": {
         "drive_lo_powers": [0,3,0,3,0,3,0,3],
         "readout_drive_lo_powers": [10,10,10,10,10,10,10],
         "drive_digital_attenuation": [99,0,99,0,99,0,99,28],
         "readout_drive_digital_attenuation": [99,10,99,8,99,23,99,3]
      },
      "B": {
         "drive_lo_powers": [0,0,0,0,0,0,0,0],
         "readout_drive_lo_powers": [10,10,10,10,10,10,10,10],
         "drive_digital_attenuation": [14,99,14,99,14,99,14,99],
         "readout_drive_digital_attenuation": [8,99,8,99,13,99,12,99]
      }
   },
   "readout": {
      "amp": [1,1,1,1,1,1,1,1],
      "amp_og": [1,1,1,1,1,1,1,1],
      "length": [5000,5000,5000,5000,5000,5000,5000,5000],
      "A": {
         "freq": [6.16525,6.3925,6.6141,6.8309,6.95305,6.7292,6.50215,6.275726],
         "window": [[500,2500],[500,2500],[500,2500],[500,3000],[500,2500],[500,4000],[500,2500],[500,2500]],
         "vec": [[0.0007198428,0.003187403],[-0.04182199,-0.02776374],[-0.04604174,-0.07122793],[-0.01348653,-0.03846112],[0.01966054,-0.03865442],[-0.01778205,-0.04637168],[-0.009881663,-0.01798717]],
         "phi": [1.571693,2.656352,-0.9776108,4.556516,-0.301814,-0.6621162,2.472069,0]
      },
      "B": {
         "freq": [6.16525,6.3925,6.6141,6.8309,6.95305,6.7292,6.50215,6.275726],
         "window": [[500,2500],[500,2500],[500,2500],[500,2500],[500,2500],[500,2500],[500,2500],[500,2500]],
         "vec": [[0.0007198428,0.003187403],[-0.04182199,-0.02776374],[-0.04604174,-0.07122793],[-0.01348653,-0.03846112],[0.01966054,-0.03865442],[-0.01778205,-0.04637168],[-0.009881663,-0.01798717]],
         "phi": [1.571693,2.656352,-0.9776108,4.556516,-0.301814,-0.6621162,2.472069,0]
      }
   },
   "pulse_info": {
      "A": {
         "pi_amp": [1,1,1,1,1,0.5,1,1],
         "pi_ef_amp": [1,1,1,1,1,1,1,1],
         "pi_len": [40.80799,370.21579,40.31211,41.95997,46.13248,79.46726,27.82624,999.9],
         "pi_len_melt": [40.80799,37.21579,40.31211,41.95997,46.13248,79.46726,27.82624,999.9],
         "pi_ef_len": [79.49746,33,33,33,33,33,33,33],
         "half_pi_amp": [1,1,1,1,1,1,1,1],
         "half_pi_ef_amp": [0.2,0.4,0.4,0.4,0.4,0.4,0.4,0.4],
         "half_pi_len": [20.40399,18.6079,20.15606,20.97999,23.06624,39.73363,13.91312,499.95],
         "half_pi_ef_len": [39.7487,15,15,15,15,15,15,15],
         "iq_freq": [-0.241405,-0.2872756,-0.2673656,-0.23,-0.187,-0.2007214,-0.1968437,-0.185],
         "Q_phase": [-1.62,-1.62,-1.62,-1.62,-1.62,-1.62,-1.62,-1.62]
      },
      "B": {
         "pi_amp": [1,1,1,1,1,0.5,1,1],
         "pi_ef_amp": [1,1,1,1,1,1,1,1],
         "pi_len": [40.80799,37.21579,40.31211,41.95997,46.13248,79.46726,27.82624,999.9],
         "pi_len_melt": [40.80799,37.21579,40.31211,41.95997,46.13248,79.46726,27.82624,999.9],
         "pi_ef_len": [79.49746,33,33,33,33,33,33,33],
         "half_pi_amp": [1,1,1,1,1,1,1,1],
         "half_pi_ef_amp": [0.2,0.4,0.4,0.4,0.4,0.4,0.4,0.4],
         "half_pi_len": [20.40399,18.6079,20.15606,20.97999,23.06624,39.73363,13.91312,499.95],
         "half_pi_ef_len": [39.7487,15,15,15,15,15,15,15],
         "iq_freq": [-0.241405,-0.2872756,-0.2673656,-0.23,-0.187,-0.2007214,-0.1968437,-0.185],
         "Q_phase": [0.8,0.8,0.8,0.8,0.8,0.8,0.8,0.8]
      },
      "IQ_dc": [0,0,0,0,0,0,0,0],
      "pulse_type": ["gauss","gauss","gauss","gauss","gauss","gauss","gauss","gauss"],
      "ef_pulse_type": ["square","square","square","square","square","square","square","square"]
   },
   "ff_info": {
      "ff_ramp_sigma_len": [0.001,0.001,0.001,0.001,0.001,0.001,0.001,0.001],
      "ff_adb_ramp_sig2": [250,250,250,250,250,250,250,250],
      "ff_adb_ramp_sig": [500,500,500,500,500,500,500,500],
      "ff_exp_ramp_tau_og": [200,200,200,200,200,200,200,200],
      "ff_exp_ramp_tau": [120,120,120,120,120,120,120,120],
      "ff_exp_ramp_len": [300,300,300,300,300,300,300,300],
      "ff_exp_ramp_len2": [200,200,200,200,200,200,200,200],
      "ff_pulse_padding": 0,
      "ff_settling_time": 1500,
      "ff_len": [1000,1000,1000,1000,1000,1000,1000,1000],
      "ff_linear_ramp_len": 1000,
      "comp_pulse_amp": [-0.1,-0.1,-0.1,-0.1,-0.1,-0.1,-0.1,-0.1],
      "ff_comp_sym": true
   },
   "stabilizer_info": {
      "freq": 5,
      "stab_lo_power": 13
   },
   "weighted_readout": {
      "A": {
         "filenames": ["Q0.npy","Q1.npy","Q2.npy","Q3.npy","Q4.npy","Q5.npy","Q6.npy","Q7.npy"]
      },
      "B": {
         "filenames": ["Q0.npy","Q1.npy","Q2.npy","Q3.npy","Q4.npy","Q5.npy","Q6.npy","Q7.npy"]
      },
      "weighted_readout_on": false
   }
}