{
   "qubit": {
      "id": [0,1,2,3,4,5,6,7],
      "setup": ["B","A","B","A","B","A","B","A"],
      "freq": [5.11653,5.282693,5.089432,5.299388,5.151625,5.325836,5.113351,4.35],
      "idealfreqs": [5.15,5.25,5.1,5.3,5.117,5.275,5.133,4.35],
      "anharmonicity": [-0.2380709,-0.245646,-0.2425859,-0.2535195,-0.2413096,-0.2486116,-0.2380661,-250]
   },
   "powers": {
      "A": {
         "drive_lo_powers": [0,3,0,3,0,3,0,3],
         "readout_drive_lo_powers": [10,10,10,10,10,10,10],
         "drive_digital_attenuation": [99,0,99,0,99,0,99,28],
         "readout_drive_digital_attenuation": [99,0,99,0,99,0,99,0]
      },
      "B": {
         "drive_lo_powers": [0,0,0,0,0,0,0,0],
         "readout_drive_lo_powers": [10,10,10,10,10,10,10,10],
         "drive_digital_attenuation": [14,99,14,99,14,99,14,99],
         "readout_drive_digital_attenuation": [0,99,0,99,0,99,0,99]
      }
   },
   "readout": {
      "amp": [1,1,1,1,1,1,1,1],
      "amp_og": [1,1,1,1,1,1,1,1],
      "length": [5000,5000,5000,5000,5000,5000,5000,5000],
      "A": {
         "freq": [6.1654,6.3929,6.614429,6.831194,6.95315,6.729175,6.5025,6.275726],
         "window": [[500,2500],[500,2500],[500,2500],[500,2500],[500,2500],[500,2500],[500,2500],[500,2500]]
      },
      "B": {
         "freq": [6.1654,6.3929,6.614429,6.831194,6.95315,6.729175,6.5025,6.275726],
         "window": [[500,2500],[500,2500],[500,2500],[500,2500],[500,2500],[500,2500],[500,2500],[500,1500]]
      }
   },
   "pulse_info": {
      "A": {
         "pi_amp": [1,1,1,1,1,1,1,1],
         "pi_ef_amp": [1,1,1,1,1,1,1,1],
         "pi_len": [69.35199,82.68349,98.98972,100.4002,69.24996,91.92816,56.45958,999.9],
         "pi_len_melt": [69.35199,82.68349,98.98972,100.4002,69.24996,91.92816,56.45958,999.9],
         "pi_ef_len": [79.49746,33,33,33,33,33,33,33],
         "half_pi_amp": [1,1,1,1,1,1,1,1],
         "half_pi_ef_amp": [0.2,0.4,0.4,0.4,0.4,0.4,0.4,0.4],
         "half_pi_len": [34.67599,41.34175,49.49486,50.20009,34.62498,45.96408,28.22979,499.95],
         "half_pi_ef_len": [39.7487,15,15,15,15,15,15,15],
         "iq_freq": [-0.2220952,-0.2466953,-0.2491936,-0.23,-0.187,-0.2035525,-0.2252742,-0.185],
         "Q_phase": [-1.62,-1.62,-1.62,-1.62,-1.62,-1.62,-1.62,-1.62]
      },
      "B": {
         "pi_amp": [1,0.5,1,0.5,1,0.5,1,1],
         "pi_ef_amp": [1,1,1,1,1,1,1,1],
         "pi_len": [69.35199,82.68349,98.98972,100.4002,69.24996,91.92816,56.45958,999.9],
         "pi_len_melt": [69.35199,82.68349,98.98972,100.4002,69.24996,91.92816,56.45958,999.9],
         "pi_ef_len": [79.49746,33,33,33,33,33,33,33],
         "half_pi_amp": [1,1,1,1,1,1,1,1],
         "half_pi_ef_amp": [0.2,0.4,0.4,0.4,0.4,0.4,0.4,0.4],
         "half_pi_len": [34.67599,41.34175,49.49486,50.20009,34.62498,45.96408,28.22979,499.95],
         "half_pi_ef_len": [39.7487,15,15,15,15,15,15,15],
         "iq_freq": [-0.2220952,-0.2466953,-0.2491936,-0.23,-0.187,-0.2035525,-0.2252742,-0.185],
         "Q_phase": [0.4,0.4,0.4,0.4,0.4,0.4,0.4,0.4]
      },
      "IQ_dc": [0,0,0,0,0,0,0,0],
      "pulse_type": ["gauss","gauss","gauss","gauss","gauss","gauss","gauss","gauss"],
      "ef_pulse_type": ["square","square","square","square","square","square","square","square"]
   },
   "ff_info": {
      "ff_ramp_sigma_len": [0.001,0.001,0.001,0.001,0.001,0.001,0.001,0.001],
      "ff_adb_ramp_sig2": [250,250,250,250,250,250,250,250],
      "ff_adb_ramp_sig": [500,500,500,500,500,500,500,500],
      "ff_exp_ramp_tau_og": [200,200,200,200,200,200,200,200],
      "ff_exp_ramp_tau": [160,160,160,160,160,160,160,160],
      "ff_exp_ramp_len": [400,400,400,400,400,400,400,400],
      "ff_exp_ramp_len2": [200,200,200,200,200,200,200,200],
      "ff_pulse_padding": 0,
      "ff_settling_time": 1500,
      "ff_len": [1000,1000,1000,1000,1000,1000,1000,1000],
      "ff_linear_ramp_len": 1000,
      "comp_pulse_amp": [-0.1,-0.1,-0.1,-0.1,-0.1,-0.1,-0.1,-0.1],
      "ff_comp_sym": true
   },
   "stabilizer_info": {
      "freq": 5,
      "stab_lo_power": 13
   }
}